system,model,network,neural,function,input,output,signal,circuit,data
unit,network,input,learning,weight,hidden,layer,pattern,output,model
learning,action,model,task,control,reinforcement,function,robot,system,states
algorithm,vector,function,learning,loss,class,set,weight,bound,problem
network,unit,input,hidden,output,learning,function,training,pattern,weight
weight,network,error,training,set,input,noise,learning,generalization,function
network,task,neural,learning,training,architecture,output,problem,input,control
input,network,output,neural,function,noise,set,training,data,information
network,training,set,data,neural,error,input,output,unit,learning
classifier,training,network,rbf,set,error,neural,problem,center,gaussian
word,network,recognition,training,system,model,speech,hmm,neural,set
cell,head,direction,rat,model,angular,system,velocity,mcnaughton,neural
model,data,network,set,parameter,neural,learning,algorithm,training,function
character,field,system,window,network,input,net,set,word,training
data,model,algorithm,set,parameter,learning,point,distribution,method,function
network,neural,system,input,function,learning,weight,output,model,unit
learning,algorithm,function,policy,problem,action,system,optimal,result,model
hint,learning,examples,function,error,market,performance,method,information,network
monte,carlo,player,decision,policy,base,move,rollout,network,trial
object,image,network,model,images,recognition,view,system,set,feature
function,threshold,network,weight,neural,input,size,circuit,number,result
function,set,training,vector,algorithm,error,kernel,data,problem,classifier
speech,network,system,model,input,recognition,signal,neural,information,output
function,network,algorithm,learning,neural,model,input,problem,set,data
cell,model,input,neuron,visual,field,cortex,orientation,response,cortical
neuron,network,model,input,neural,synaptic,function,learning,system,circuit
channel,model,spike,input,information,neuron,train,ion,rate,current
eeg,component,response,trial,artifact,ica,data,single,visual,erp
learning,network,error,weight,training,input,function,algorithm,neural,set
model,control,learning,movement,forward,motor,field,dynamic,trajectory,system